Metric,Value,System
rho,3.692716,Hard-Coded
roa_fraction,0.6055,Hard-Coded
decreasing_fraction,1,Hard-Coded
roa_decreasing_fraction,0.6055,Hard-Coded
fraction_roa_decreasing_violation,0,Hard-Coded
rho,3.294845,Hard-Coded
roa_fraction,0.5995,Hard-Coded
decreasing_fraction,1,Hard-Coded
roa_decreasing_fraction,0.5995,Hard-Coded
fraction_roa_decreasing_violation,0,Hard-Coded
rho,3.721267,Hard-Coded
roa_fraction,0.6124,Hard-Coded
decreasing_fraction,1,Hard-Coded
roa_decreasing_fraction,0.6124,Hard-Coded
fraction_roa_decreasing_violation,0,Hard-Coded
rho,3.223993,Hard-Coded
roa_fraction,0.6049,Hard-Coded
decreasing_fraction,1,Hard-Coded
roa_decreasing_fraction,0.6049,Hard-Coded
fraction_roa_decreasing_violation,0,Hard-Coded
rho,3.117062,Hard-Coded
roa_fraction,0.5807,Hard-Coded
decreasing_fraction,1,Hard-Coded
roa_decreasing_fraction,0.5807,Hard-Coded
fraction_roa_decreasing_violation,0,Hard-Coded
rho,3.047364,Hard-Coded
roa_fraction,0.6077,Hard-Coded
decreasing_fraction,1,Hard-Coded
roa_decreasing_fraction,0.6077,Hard-Coded
fraction_roa_decreasing_violation,0,Hard-Coded
rho,3.104609,Hard-Coded
roa_fraction,0.6117,Hard-Coded
decreasing_fraction,1,Hard-Coded
roa_decreasing_fraction,0.6117,Hard-Coded
fraction_roa_decreasing_violation,0,Hard-Coded
rho,3.494468,Hard-Coded
roa_fraction,0.6112,Hard-Coded
decreasing_fraction,1,Hard-Coded
roa_decreasing_fraction,0.6112,Hard-Coded
fraction_roa_decreasing_violation,0,Hard-Coded
rho,3.523545,Hard-Coded
roa_fraction,0.6025,Hard-Coded
decreasing_fraction,1,Hard-Coded
roa_decreasing_fraction,0.6025,Hard-Coded
fraction_roa_decreasing_violation,0,Hard-Coded
rho,3.606432,Hard-Coded
roa_fraction,0.6064,Hard-Coded
decreasing_fraction,1,Hard-Coded
roa_decreasing_fraction,0.6064,Hard-Coded
fraction_roa_decreasing_violation,0,Hard-Coded
rho,2.887565,Hard-Coded
roa_fraction,0.6022,Hard-Coded
decreasing_fraction,1,Hard-Coded
roa_decreasing_fraction,0.6022,Hard-Coded
fraction_roa_decreasing_violation,0,Hard-Coded
rho,3.483874,Hard-Coded
roa_fraction,0.61,Hard-Coded
decreasing_fraction,1,Hard-Coded
roa_decreasing_fraction,0.61,Hard-Coded
fraction_roa_decreasing_violation,0,Hard-Coded
rho,3.460265,Hard-Coded
roa_fraction,0.6151,Hard-Coded
decreasing_fraction,1,Hard-Coded
roa_decreasing_fraction,0.6151,Hard-Coded
fraction_roa_decreasing_violation,0,Hard-Coded
rho,3.53898,Hard-Coded
roa_fraction,0.6072,Hard-Coded
decreasing_fraction,1,Hard-Coded
roa_decreasing_fraction,0.6072,Hard-Coded
fraction_roa_decreasing_violation,0,Hard-Coded
rho,3.082277,Hard-Coded
roa_fraction,0.6086,Hard-Coded
decreasing_fraction,1,Hard-Coded
roa_decreasing_fraction,0.6086,Hard-Coded
fraction_roa_decreasing_violation,0,Hard-Coded
rho,3.411829,Hard-Coded
roa_fraction,0.6066,Hard-Coded
decreasing_fraction,1,Hard-Coded
roa_decreasing_fraction,0.6066,Hard-Coded
fraction_roa_decreasing_violation,0,Hard-Coded
rho,3.046943,Hard-Coded
roa_fraction,0.6104,Hard-Coded
decreasing_fraction,1,Hard-Coded
roa_decreasing_fraction,0.6104,Hard-Coded
fraction_roa_decreasing_violation,0,Hard-Coded
rho,3.423426,Hard-Coded
roa_fraction,0.61,Hard-Coded
decreasing_fraction,1,Hard-Coded
roa_decreasing_fraction,0.61,Hard-Coded
fraction_roa_decreasing_violation,0,Hard-Coded
rho,3.748772,Hard-Coded
roa_fraction,0.6094,Hard-Coded
decreasing_fraction,1,Hard-Coded
roa_decreasing_fraction,0.6094,Hard-Coded
fraction_roa_decreasing_violation,0,Hard-Coded
rho,2.827298,Hard-Coded
roa_fraction,0.6058,Hard-Coded
decreasing_fraction,1,Hard-Coded
roa_decreasing_fraction,0.6058,Hard-Coded
fraction_roa_decreasing_violation,0,Hard-Coded
rho,3.428077,Hard-Coded
roa_fraction,0.6039,Hard-Coded
decreasing_fraction,1,Hard-Coded
roa_decreasing_fraction,0.6039,Hard-Coded
fraction_roa_decreasing_violation,0,Hard-Coded
rho,3.509186,Hard-Coded
roa_fraction,0.6094,Hard-Coded
decreasing_fraction,1,Hard-Coded
roa_decreasing_fraction,0.6094,Hard-Coded
fraction_roa_decreasing_violation,0,Hard-Coded
rho,3.285979,Hard-Coded
roa_fraction,0.6025,Hard-Coded
decreasing_fraction,1,Hard-Coded
roa_decreasing_fraction,0.6025,Hard-Coded
fraction_roa_decreasing_violation,0,Hard-Coded
rho,3.495425,Hard-Coded
roa_fraction,0.6115,Hard-Coded
decreasing_fraction,1,Hard-Coded
roa_decreasing_fraction,0.6115,Hard-Coded
fraction_roa_decreasing_violation,0,Hard-Coded
rho,3.009564,Hard-Coded
roa_fraction,0.6042,Hard-Coded
decreasing_fraction,1,Hard-Coded
roa_decreasing_fraction,0.6042,Hard-Coded
fraction_roa_decreasing_violation,0,Hard-Coded
rho,3.438723,Symbolic
roa_fraction,0.6034,Symbolic
decreasing_fraction,1,Symbolic
roa_decreasing_fraction,0.6034,Symbolic
fraction_roa_decreasing_violation,0,Symbolic
rho,3.299497,Symbolic
roa_fraction,0.6067,Symbolic
decreasing_fraction,1,Symbolic
roa_decreasing_fraction,0.6067,Symbolic
fraction_roa_decreasing_violation,0,Symbolic
rho,3.321558,Symbolic
roa_fraction,0.6146,Symbolic
decreasing_fraction,1,Symbolic
roa_decreasing_fraction,0.6146,Symbolic
fraction_roa_decreasing_violation,0,Symbolic
rho,3.51404,Symbolic
roa_fraction,0.6151,Symbolic
decreasing_fraction,1,Symbolic
roa_decreasing_fraction,0.6151,Symbolic
fraction_roa_decreasing_violation,0,Symbolic
rho,3.450412,Symbolic
roa_fraction,0.6087,Symbolic
decreasing_fraction,1,Symbolic
roa_decreasing_fraction,0.6087,Symbolic
fraction_roa_decreasing_violation,0,Symbolic
rho,3.579186,Symbolic
roa_fraction,0.6075,Symbolic
decreasing_fraction,1,Symbolic
roa_decreasing_fraction,0.6075,Symbolic
fraction_roa_decreasing_violation,0,Symbolic
rho,3.227421,Symbolic
roa_fraction,0.6099,Symbolic
decreasing_fraction,1,Symbolic
roa_decreasing_fraction,0.6099,Symbolic
fraction_roa_decreasing_violation,0,Symbolic
rho,3.71169,Symbolic
roa_fraction,0.6118,Symbolic
decreasing_fraction,1,Symbolic
roa_decreasing_fraction,0.6118,Symbolic
fraction_roa_decreasing_violation,0,Symbolic
rho,3.708443,Symbolic
roa_fraction,0.6098,Symbolic
decreasing_fraction,1,Symbolic
roa_decreasing_fraction,0.6098,Symbolic
fraction_roa_decreasing_violation,0,Symbolic
rho,3.25767,Symbolic
roa_fraction,0.6134,Symbolic
decreasing_fraction,1,Symbolic
roa_decreasing_fraction,0.6134,Symbolic
fraction_roa_decreasing_violation,0,Symbolic
rho,3.36054,Symbolic
roa_fraction,0.6037,Symbolic
decreasing_fraction,1,Symbolic
roa_decreasing_fraction,0.6037,Symbolic
fraction_roa_decreasing_violation,0,Symbolic
rho,3.042006,Symbolic
roa_fraction,0.612,Symbolic
decreasing_fraction,1,Symbolic
roa_decreasing_fraction,0.612,Symbolic
fraction_roa_decreasing_violation,0,Symbolic
rho,3.329456,Symbolic
roa_fraction,0.6134,Symbolic
decreasing_fraction,1,Symbolic
roa_decreasing_fraction,0.6134,Symbolic
fraction_roa_decreasing_violation,0,Symbolic
rho,3.257168,Symbolic
roa_fraction,0.6109,Symbolic
decreasing_fraction,1,Symbolic
roa_decreasing_fraction,0.6109,Symbolic
fraction_roa_decreasing_violation,0,Symbolic
rho,3.427993,Symbolic
roa_fraction,0.6067,Symbolic
decreasing_fraction,1,Symbolic
roa_decreasing_fraction,0.6067,Symbolic
fraction_roa_decreasing_violation,0,Symbolic
rho,3.754076,Symbolic
roa_fraction,0.6104,Symbolic
decreasing_fraction,1,Symbolic
roa_decreasing_fraction,0.6104,Symbolic
fraction_roa_decreasing_violation,0,Symbolic
rho,3.229699,Symbolic
roa_fraction,0.6098,Symbolic
decreasing_fraction,1,Symbolic
roa_decreasing_fraction,0.6098,Symbolic
fraction_roa_decreasing_violation,0,Symbolic
rho,3.379491,Symbolic
roa_fraction,0.6076,Symbolic
decreasing_fraction,1,Symbolic
roa_decreasing_fraction,0.6076,Symbolic
fraction_roa_decreasing_violation,0,Symbolic
rho,3.667954,Symbolic
roa_fraction,0.6114,Symbolic
decreasing_fraction,1,Symbolic
roa_decreasing_fraction,0.6114,Symbolic
fraction_roa_decreasing_violation,0,Symbolic
rho,3.298919,Symbolic
roa_fraction,0.6154,Symbolic
decreasing_fraction,1,Symbolic
roa_decreasing_fraction,0.6154,Symbolic
fraction_roa_decreasing_violation,0,Symbolic
rho,3.175696,Symbolic
roa_fraction,0.6135,Symbolic
decreasing_fraction,1,Symbolic
roa_decreasing_fraction,0.6135,Symbolic
fraction_roa_decreasing_violation,0,Symbolic
rho,3.062837,Symbolic
roa_fraction,0.6103,Symbolic
decreasing_fraction,1,Symbolic
roa_decreasing_fraction,0.6103,Symbolic
fraction_roa_decreasing_violation,0,Symbolic
rho,2.973315,Symbolic
roa_fraction,0.5964,Symbolic
decreasing_fraction,1,Symbolic
roa_decreasing_fraction,0.5964,Symbolic
fraction_roa_decreasing_violation,0,Symbolic
rho,3.367342,Symbolic
roa_fraction,0.6143,Symbolic
decreasing_fraction,1,Symbolic
roa_decreasing_fraction,0.6143,Symbolic
fraction_roa_decreasing_violation,0,Symbolic
rho,3.285264,Symbolic
roa_fraction,0.6041,Symbolic
decreasing_fraction,1,Symbolic
roa_decreasing_fraction,0.6041,Symbolic
fraction_roa_decreasing_violation,0,Symbolic